11:30:23,04/01/2020,28.25
11:30:33,04/01/2020,28.25
11:30:43,04/01/2020,28.25
11:30:53,04/01/2020,28.00
11:31:03,04/01/2020,28.00
11:31:13,04/01/2020,28.00
11:31:23,04/01/2020,28.00
11:31:33,04/01/2020,28.00
11:31:43,04/01/2020,28.00
11:31:53,04/01/2020,28.00
11:32:03,04/01/2020,30.25
11:32:13,04/01/2020,30.25
11:32:23,04/01/2020,30.25
11:32:33,04/01/2020,30.25
11:32:43,04/01/2020,30.25
11:32:53,04/01/2020,30.25
11:33:03,04/01/2020,34.75
11:33:13,04/01/2020,34.75
11:33:23,04/01/2020,34.75
11:33:33,04/01/2020,34.75
11:33:43,04/01/2020,34.75
11:33:53,04/01/2020,34.75
11:34:03,04/01/2020,38.25
11:34:13,04/01/2020,38.25
11:34:23,04/01/2020,38.25
11:34:34,04/01/2020,38.25
11:34:44,04/01/2020,38.25
11:34:54,04/01/2020,38.25
11:35:04,04/01/2020,38.25
11:35:14,04/01/2020,35.25
11:35:24,04/01/2020,35.25
11:35:34,04/01/2020,35.25
11:35:44,04/01/2020,35.25
11:35:54,04/01/2020,35.25
11:36:04,04/01/2020,35.25
11:36:14,04/01/2020,33.75
11:36:24,04/01/2020,33.75
14:16:18,04/01/2020,29.75
14:16:28,04/01/2020,29.75
14:16:38,04/01/2020,29.75
14:16:48,04/01/2020,29.75
14:16:58,04/01/2020,29.75
14:17:08,04/01/2020,29.75
14:17:18,04/01/2020,29.75
14:17:28,04/01/2020,29.75
14:17:38,04/01/2020,29.75
14:17:48,04/01/2020,29.75
14:17:58,04/01/2020,29.75
14:18:08,04/01/2020,29.75
14:18:18,04/01/2020,29.75
14:18:28,04/01/2020,29.75
14:18:38,04/01/2020,29.75
14:18:50,04/01/2020,29.75
14:19:00,04/01/2020,29.75
14:19:10,04/01/2020,29.75
14:19:20,04/01/2020,29.75
14:19:30,04/01/2020,29.75
14:19:40,04/01/2020,29.75
14:19:50,04/01/2020,29.75
14:20:00,04/01/2020,29.75
14:20:10,04/01/2020,29.75
14:20:20,04/01/2020,29.75
14:20:30,04/01/2020,29.75
14:20:40,04/01/2020,29.75
14:20:50,04/01/2020,29.75
14:21:00,04/01/2020,29.75
14:21:10,04/01/2020,29.75
14:21:20,04/01/2020,29.75
14:21:30,04/01/2020,29.75
14:21:40,04/01/2020,29.75
14:21:50,04/01/2020,29.75
14:22:01,04/01/2020,29.75
14:22:11,04/01/2020,29.75
14:22:21,04/01/2020,29.75
14:22:31,04/01/2020,29.75
14:22:41,04/01/2020,29.75
14:22:51,04/01/2020,29.75
14:23:01,04/01/2020,29.75
14:23:11,04/01/2020,29.75
14:23:21,04/01/2020,29.75
14:23:31,04/01/2020,29.75
14:23:41,04/01/2020,29.75
14:23:51,04/01/2020,29.75
14:24:01,04/01/2020,29.75
14:24:11,04/01/2020,29.75
14:24:21,04/01/2020,29.75
14:24:31,04/01/2020,29.75
14:24:41,04/01/2020,29.75
14:24:51,04/01/2020,29.75
14:25:01,04/01/2020,29.75
14:25:11,04/01/2020,29.75
14:25:21,04/01/2020,29.75
14:25:31,04/01/2020,29.75
14:25:41,04/01/2020,29.75
14:25:51,04/01/2020,29.75
14:26:01,04/01/2020,29.75
14:26:12,04/01/2020,29.75
14:26:22,04/01/2020,29.75
14:26:32,04/01/2020,29.75
14:26:42,04/01/2020,29.75
14:26:52,04/01/2020,29.75
14:27:02,04/01/2020,29.75
14:27:12,04/01/2020,29.75
14:27:22,04/01/2020,29.75
14:27:32,04/01/2020,29.75
14:27:42,04/01/2020,29.75
14:27:52,04/01/2020,29.75
14:28:02,04/01/2020,29.75
14:28:12,04/01/2020,29.75
14:28:22,04/01/2020,29.75
14:28:32,04/01/2020,29.75
14:28:42,04/01/2020,29.75
14:28:52,04/01/2020,29.75
14:29:02,04/01/2020,30.00
14:29:12,04/01/2020,30.00
14:29:22,04/01/2020,30.00
14:29:32,04/01/2020,30.00
14:29:42,04/01/2020,30.00
14:29:52,04/01/2020,30.00
14:30:02,04/01/2020,30.00
14:30:12,04/01/2020,30.00
14:30:22,04/01/2020,30.00
14:30:32,04/01/2020,30.00
14:30:42,04/01/2020,30.00
14:30:52,04/01/2020,30.00
14:31:02,04/01/2020,30.00
14:31:12,04/01/2020,30.25
14:31:22,04/01/2020,30.25
14:31:32,04/01/2020,30.25
14:31:42,04/01/2020,30.25
14:31:52,04/01/2020,30.25
14:32:02,04/01/2020,30.25
14:32:12,04/01/2020,30.25
14:32:23,04/01/2020,30.25
14:32:33,04/01/2020,30.25
14:32:43,04/01/2020,30.25
14:32:53,04/01/2020,30.25
14:33:03,04/01/2020,30.25
14:33:13,04/01/2020,30.25
14:33:23,04/01/2020,30.25
14:33:33,04/01/2020,30.25
14:33:43,04/01/2020,30.25
14:33:53,04/01/2020,30.25
14:34:03,04/01/2020,30.25
14:34:13,04/01/2020,30.25
14:34:23,04/01/2020,30.50
14:34:33,04/01/2020,30.50
14:34:43,04/01/2020,30.50
14:34:53,04/01/2020,30.50
14:35:03,04/01/2020,30.50
14:35:13,04/01/2020,30.50
14:35:23,04/01/2020,30.50
14:35:33,04/01/2020,30.50
14:35:43,04/01/2020,30.50
14:35:53,04/01/2020,30.50
14:36:03,04/01/2020,30.50
14:36:13,04/01/2020,30.50
14:36:23,04/01/2020,30.50
14:36:34,04/01/2020,30.50
14:36:44,04/01/2020,30.50
14:36:54,04/01/2020,30.50
14:37:04,04/01/2020,30.50
14:37:14,04/01/2020,30.50
14:37:24,04/01/2020,30.50
14:37:34,04/01/2020,30.50
14:37:44,04/01/2020,30.50
14:37:54,04/01/2020,30.50
14:38:04,04/01/2020,30.50
14:38:14,04/01/2020,30.50
14:38:24,04/01/2020,30.50
14:38:34,04/01/2020,30.50
14:38:44,04/01/2020,30.50
14:38:54,04/01/2020,30.50
14:39:04,04/01/2020,30.50
14:39:14,04/01/2020,30.50
14:39:24,04/01/2020,30.50
14:39:34,04/01/2020,30.50
14:39:44,04/01/2020,30.50
14:39:54,04/01/2020,30.50
14:40:04,04/01/2020,30.50
14:40:14,04/01/2020,30.50
14:40:24,04/01/2020,30.50
14:40:34,04/01/2020,30.50
14:40:44,04/01/2020,30.50
14:40:54,04/01/2020,30.50
14:41:04,04/01/2020,30.50
14:41:14,04/01/2020,30.50
14:41:24,04/01/2020,30.50
14:41:34,04/01/2020,30.50
14:41:44,04/01/2020,30.50
14:41:54,04/01/2020,30.50
14:42:04,04/01/2020,30.50
14:42:14,04/01/2020,30.50
14:42:24,04/01/2020,30.50
14:42:34,04/01/2020,30.50
14:42:44,04/01/2020,30.50
14:42:55,04/01/2020,30.50
14:43:05,04/01/2020,30.50
14:43:15,04/01/2020,30.50
14:43:25,04/01/2020,30.50
14:43:35,04/01/2020,30.50
14:43:45,04/01/2020,30.50
14:43:55,04/01/2020,30.50
14:44:05,04/01/2020,30.50
14:44:15,04/01/2020,30.50
14:44:25,04/01/2020,30.50
14:44:35,04/01/2020,30.50
14:44:45,04/01/2020,30.50
14:44:55,04/01/2020,30.50
14:45:05,04/01/2020,30.25
14:45:15,04/01/2020,30.25
14:45:25,04/01/2020,30.25
14:45:35,04/01/2020,30.25
14:45:45,04/01/2020,30.25
14:45:55,04/01/2020,30.25
14:46:05,04/01/2020,30.50
14:46:15,04/01/2020,30.50
14:46:25,04/01/2020,30.50
14:46:35,04/01/2020,30.50
14:46:45,04/01/2020,30.50
14:46:55,04/01/2020,30.50
14:47:06,04/01/2020,30.50
14:47:16,04/01/2020,30.25
14:47:26,04/01/2020,30.25
14:47:36,04/01/2020,30.25
14:47:46,04/01/2020,30.25
14:47:56,04/01/2020,30.25
14:48:06,04/01/2020,30.25
14:48:16,04/01/2020,30.25
14:48:26,04/01/2020,30.25
14:48:36,04/01/2020,30.25
14:48:46,04/01/2020,30.25
14:48:56,04/01/2020,30.25
14:49:06,04/01/2020,30.25
14:49:16,04/01/2020,30.25
14:49:26,04/01/2020,30.25
14:49:36,04/01/2020,30.25
14:49:46,04/01/2020,30.25
14:49:56,04/01/2020,30.25
14:50:06,04/01/2020,30.25
14:50:16,04/01/2020,30.25
14:50:26,04/01/2020,30.25
14:50:36,04/01/2020,30.25
14:50:46,04/01/2020,30.25
14:50:56,04/01/2020,30.25
14:51:06,04/01/2020,30.25
14:51:17,04/01/2020,30.25
14:51:27,04/01/2020,30.00
14:51:37,04/01/2020,30.00
14:51:47,04/01/2020,30.00
14:51:57,04/01/2020,30.00
14:52:07,04/01/2020,30.00
14:52:17,04/01/2020,30.00
14:52:27,04/01/2020,30.00
14:52:37,04/01/2020,30.00
14:52:47,04/01/2020,30.00
14:52:57,04/01/2020,30.00
14:53:07,04/01/2020,30.00
14:53:17,04/01/2020,30.00
14:53:27,04/01/2020,30.00
14:53:37,04/01/2020,30.00
14:53:47,04/01/2020,30.00
14:53:57,04/01/2020,30.00
14:54:07,04/01/2020,30.00
14:54:17,04/01/2020,30.00
14:54:27,04/01/2020,30.00
14:54:37,04/01/2020,30.25
14:54:47,04/01/2020,30.25
14:54:57,04/01/2020,30.25
14:55:07,04/01/2020,30.25
14:55:17,04/01/2020,30.25
14:55:27,04/01/2020,30.25
14:55:37,04/01/2020,30.25
14:55:47,04/01/2020,30.00
14:55:57,04/01/2020,30.00
14:56:07,04/01/2020,30.00
14:56:17,04/01/2020,30.00
14:56:27,04/01/2020,30.00
14:56:37,04/01/2020,30.00
14:56:47,04/01/2020,30.00
14:56:57,04/01/2020,30.00
14:57:07,04/01/2020,30.00
14:57:17,04/01/2020,30.00
14:57:28,04/01/2020,30.00
14:57:38,04/01/2020,30.00
14:57:48,04/01/2020,30.00
14:57:58,04/01/2020,30.00
14:58:08,04/01/2020,30.00
14:58:18,04/01/2020,30.00
14:58:28,04/01/2020,30.00
14:58:38,04/01/2020,30.00
14:58:48,04/01/2020,30.00
14:58:58,04/01/2020,29.75
14:59:08,04/01/2020,29.75
14:59:18,04/01/2020,29.75
14:59:28,04/01/2020,29.75
14:59:38,04/01/2020,29.75
14:59:48,04/01/2020,29.75
14:59:58,04/01/2020,29.75
15:00:08,04/01/2020,29.75
15:00:18,04/01/2020,29.75
15:00:28,04/01/2020,29.75
15:00:38,04/01/2020,29.75
15:00:48,04/01/2020,29.75
15:00:58,04/01/2020,29.75
15:01:08,04/01/2020,29.75
15:01:18,04/01/2020,29.75
15:01:28,04/01/2020,29.75
15:01:39,04/01/2020,29.75
15:01:49,04/01/2020,29.75
15:01:59,04/01/2020,29.75
15:02:09,04/01/2020,29.75
15:02:19,04/01/2020,29.75
15:02:29,04/01/2020,29.75
15:02:39,04/01/2020,29.75
15:02:49,04/01/2020,29.75
15:02:59,04/01/2020,29.75
15:03:09,04/01/2020,29.75
15:03:19,04/01/2020,29.75
15:03:29,04/01/2020,29.75
15:03:39,04/01/2020,29.75
15:03:49,04/01/2020,29.75
15:03:59,04/01/2020,29.75
15:04:09,04/01/2020,29.75
15:04:19,04/01/2020,29.75
15:04:29,04/01/2020,29.75
15:04:39,04/01/2020,29.75
15:04:49,04/01/2020,29.75
15:04:59,04/01/2020,29.75
15:05:09,04/01/2020,29.75
15:05:19,04/01/2020,30.00
15:05:29,04/01/2020,30.00
15:05:39,04/01/2020,30.00
15:05:50,04/01/2020,30.00
15:05:59,04/01/2020,30.00
15:06:09,04/01/2020,30.00
15:06:19,04/01/2020,30.00
15:06:29,04/01/2020,30.00
15:06:39,04/01/2020,30.00
15:06:49,04/01/2020,30.00
15:06:59,04/01/2020,30.00
15:07:09,04/01/2020,30.00
15:07:19,04/01/2020,30.00
15:07:29,04/01/2020,30.00
15:07:39,04/01/2020,30.00
15:07:50,04/01/2020,30.00
15:08:00,04/01/2020,30.00
15:08:10,04/01/2020,30.00
15:08:20,04/01/2020,30.00
15:08:30,04/01/2020,30.25
15:08:40,04/01/2020,30.25
15:08:50,04/01/2020,30.25
15:09:00,04/01/2020,30.25
15:09:10,04/01/2020,30.25
15:09:20,04/01/2020,30.25
15:09:30,04/01/2020,30.25
15:09:40,04/01/2020,30.25
15:09:50,04/01/2020,30.25
15:10:00,04/01/2020,30.25
15:10:10,04/01/2020,30.25
15:10:20,04/01/2020,30.25
15:10:30,04/01/2020,30.25
15:10:40,04/01/2020,30.25
15:10:50,04/01/2020,30.25
15:11:00,04/01/2020,30.25
15:11:10,04/01/2020,30.25
15:11:20,04/01/2020,30.25
15:11:30,04/01/2020,30.25
15:11:40,04/01/2020,30.25
15:11:50,04/01/2020,30.25
15:12:01,04/01/2020,30.25
15:12:11,04/01/2020,30.25
15:12:21,04/01/2020,30.25
15:12:31,04/01/2020,30.25
15:12:41,04/01/2020,30.25
15:12:51,04/01/2020,30.25
15:13:01,04/01/2020,30.25
15:13:11,04/01/2020,30.25
15:13:21,04/01/2020,30.25
15:13:31,04/01/2020,30.25
15:13:41,04/01/2020,30.25
15:13:51,04/01/2020,30.25
15:14:01,04/01/2020,30.25
15:14:11,04/01/2020,30.25
15:14:21,04/01/2020,30.25
15:14:31,04/01/2020,30.25
15:14:41,04/01/2020,30.25
15:14:51,04/01/2020,30.25
15:15:01,04/01/2020,30.25
15:15:11,04/01/2020,30.25
15:15:21,04/01/2020,30.25
15:15:31,04/01/2020,30.25
15:15:41,04/01/2020,30.25
15:15:51,04/01/2020,30.25
15:16:01,04/01/2020,30.25
15:16:12,04/01/2020,30.25
15:16:22,04/01/2020,30.25
15:16:32,04/01/2020,30.25
15:16:42,04/01/2020,30.25
15:16:52,04/01/2020,30.25
15:17:02,04/01/2020,30.25
15:17:12,04/01/2020,30.25
15:17:22,04/01/2020,30.25
15:17:32,04/01/2020,30.25
15:17:42,04/01/2020,30.25
15:17:52,04/01/2020,30.25
15:18:02,04/01/2020,30.25
15:18:11,04/01/2020,30.25
15:18:22,04/01/2020,30.25
15:18:32,04/01/2020,30.25
15:18:42,04/01/2020,30.25
15:18:52,04/01/2020,30.25
15:19:02,04/01/2020,30.25
15:19:12,04/01/2020,30.25
15:19:22,04/01/2020,30.25
15:19:32,04/01/2020,30.25
15:19:42,04/01/2020,30.25
15:19:52,04/01/2020,30.25
15:20:02,04/01/2020,30.25
15:20:12,04/01/2020,30.25
15:20:22,04/01/2020,30.25
15:20:32,04/01/2020,30.25
15:20:42,04/01/2020,30.25
15:20:52,04/01/2020,30.25
15:21:02,04/01/2020,30.25
15:21:12,04/01/2020,30.25
15:21:22,04/01/2020,30.25
15:21:32,04/01/2020,30.25
15:21:42,04/01/2020,30.25
15:21:52,04/01/2020,30.25
15:22:02,04/01/2020,30.25
15:22:12,04/01/2020,30.25
15:22:23,04/01/2020,30.25
15:22:33,04/01/2020,30.25
15:22:43,04/01/2020,30.25
15:22:53,04/01/2020,30.25
15:23:03,04/01/2020,30.25
15:23:13,04/01/2020,30.25
15:23:23,04/01/2020,30.25
15:23:33,04/01/2020,30.25
15:23:43,04/01/2020,30.25
15:23:53,04/01/2020,30.25
15:24:03,04/01/2020,30.25
15:24:13,04/01/2020,30.25
15:24:23,04/01/2020,30.25
15:24:33,04/01/2020,30.25
15:24:43,04/01/2020,30.25
15:24:53,04/01/2020,30.25
15:25:03,04/01/2020,30.25
15:25:13,04/01/2020,30.25
15:25:23,04/01/2020,30.25
15:25:33,04/01/2020,30.25
15:25:43,04/01/2020,30.25
15:25:53,04/01/2020,30.25
15:26:03,04/01/2020,30.25
15:26:13,04/01/2020,30.25
15:26:23,04/01/2020,30.25
15:26:34,04/01/2020,30.25
15:26:44,04/01/2020,30.25
15:26:54,04/01/2020,30.25
15:27:04,04/01/2020,30.25
15:27:14,04/01/2020,30.25
15:27:24,04/01/2020,30.25
15:27:34,04/01/2020,30.25
15:27:44,04/01/2020,30.25
15:27:54,04/01/2020,30.25
15:28:04,04/01/2020,30.25
15:28:14,04/01/2020,30.25
15:28:24,04/01/2020,30.25
15:28:34,04/01/2020,30.25
15:28:44,04/01/2020,30.25
15:28:54,04/01/2020,30.25
15:29:04,04/01/2020,30.25
15:29:14,04/01/2020,30.25
15:29:24,04/01/2020,30.25
15:29:34,04/01/2020,30.25
15:29:44,04/01/2020,30.25
15:29:54,04/01/2020,30.25
15:30:04,04/01/2020,30.25
15:30:14,04/01/2020,30.25
15:30:24,04/01/2020,30.25
15:30:34,04/01/2020,30.25
15:30:44,04/01/2020,30.25
15:30:54,04/01/2020,30.25
15:31:04,04/01/2020,30.25
15:31:14,04/01/2020,30.25
15:31:24,04/01/2020,30.25
15:31:34,04/01/2020,30.25
15:31:44,04/01/2020,30.25
15:31:54,04/01/2020,30.25
15:32:04,04/01/2020,30.25
15:32:14,04/01/2020,30.25
15:32:24,04/01/2020,30.25
15:32:34,04/01/2020,30.25
15:32:44,04/01/2020,30.25
15:32:55,04/01/2020,30.25
15:33:05,04/01/2020,30.25
15:33:15,04/01/2020,30.25
15:33:25,04/01/2020,30.25
15:33:35,04/01/2020,30.25
15:33:45,04/01/2020,30.25
15:33:55,04/01/2020,30.25
15:34:05,04/01/2020,30.25
15:34:15,04/01/2020,30.25
15:34:25,04/01/2020,30.25
15:34:35,04/01/2020,30.25
15:34:45,04/01/2020,30.25
15:34:55,04/01/2020,30.25
15:35:05,04/01/2020,30.25
15:35:15,04/01/2020,30.50
15:35:25,04/01/2020,30.50
15:35:35,04/01/2020,30.50
15:35:45,04/01/2020,30.50
15:35:55,04/01/2020,30.50
15:36:05,04/01/2020,30.50
15:36:15,04/01/2020,30.50
15:36:25,04/01/2020,30.50
15:36:35,04/01/2020,30.50
15:36:45,04/01/2020,30.50
15:36:55,04/01/2020,30.50
15:37:06,04/01/2020,30.50
15:37:16,04/01/2020,30.50
15:37:26,04/01/2020,30.50
15:37:36,04/01/2020,30.50
15:37:46,04/01/2020,30.50
15:37:56,04/01/2020,30.50
15:38:06,04/01/2020,30.50
15:38:16,04/01/2020,30.50
15:38:26,04/01/2020,30.50
15:38:36,04/01/2020,30.50
15:38:46,04/01/2020,30.50
15:38:56,04/01/2020,30.50
15:39:06,04/01/2020,30.50
15:39:16,04/01/2020,30.50
15:39:26,04/01/2020,30.50
15:39:36,04/01/2020,30.50
15:39:46,04/01/2020,30.50
15:39:56,04/01/2020,30.50
15:40:06,04/01/2020,30.50
15:40:16,04/01/2020,30.50
15:40:26,04/01/2020,30.50
15:40:36,04/01/2020,30.50
15:40:46,04/01/2020,30.50
15:40:56,04/01/2020,30.50
15:41:06,04/01/2020,30.50
15:41:17,04/01/2020,30.50
15:41:27,04/01/2020,30.50
15:41:37,04/01/2020,30.50
15:41:47,04/01/2020,30.50
15:41:57,04/01/2020,30.50
15:42:07,04/01/2020,30.50
15:42:17,04/01/2020,30.50
15:42:27,04/01/2020,30.50
15:42:36,04/01/2020,30.25
15:42:46,04/01/2020,30.25
15:42:56,04/01/2020,30.25
15:43:06,04/01/2020,30.25
15:43:17,04/01/2020,30.25
15:43:27,04/01/2020,30.25
15:43:37,04/01/2020,30.25
15:43:47,04/01/2020,30.25
15:43:57,04/01/2020,30.25
15:44:07,04/01/2020,30.25
15:44:17,04/01/2020,30.25
15:44:27,04/01/2020,30.25
15:44:37,04/01/2020,30.25
15:44:47,04/01/2020,30.25
15:44:57,04/01/2020,30.25
15:45:07,04/01/2020,30.25
15:45:17,04/01/2020,30.25
15:45:27,04/01/2020,30.25
15:45:37,04/01/2020,30.25
15:45:47,04/01/2020,30.25
15:45:57,04/01/2020,30.25
15:46:07,04/01/2020,30.25
15:46:17,04/01/2020,30.25
15:46:27,04/01/2020,30.25
15:46:37,04/01/2020,30.25
15:46:47,04/01/2020,30.25
15:46:57,04/01/2020,30.50
15:47:07,04/01/2020,30.50
15:47:17,04/01/2020,30.50
15:47:28,04/01/2020,30.50
15:47:38,04/01/2020,30.50
15:47:48,04/01/2020,30.50
15:47:58,04/01/2020,30.25
15:48:08,04/01/2020,30.25
15:51:08,04/01/2020,30.00
15:51:18,04/01/2020,30.00
15:51:28,04/01/2020,30.00
15:51:38,04/01/2020,30.00
15:51:48,04/01/2020,30.00
15:51:58,04/01/2020,30.00
15:52:08,04/01/2020,30.00
15:52:18,04/01/2020,34.25
15:52:28,04/01/2020,34.25
15:52:38,04/01/2020,34.25
15:52:48,04/01/2020,34.25
15:52:59,04/01/2020,34.25
15:53:09,04/01/2020,34.25
15:53:19,04/01/2020,38.00
15:53:29,04/01/2020,38.00
15:53:39,04/01/2020,38.00
15:53:49,04/01/2020,38.00
15:53:59,04/01/2020,38.00
15:54:09,04/01/2020,38.00
15:54:19,04/01/2020,38.00
15:54:29,04/01/2020,40.75
15:54:39,04/01/2020,40.75
15:54:49,04/01/2020,40.75
15:54:59,04/01/2020,40.75
15:55:09,04/01/2020,40.75
15:55:19,04/01/2020,40.75
15:55:29,04/01/2020,42.75
15:55:39,04/01/2020,42.75
15:55:49,04/01/2020,42.75
15:55:59,04/01/2020,42.75
15:56:09,04/01/2020,42.75
15:56:19,04/01/2020,42.75
15:56:29,04/01/2020,44.25
15:56:39,04/01/2020,44.25
15:56:49,04/01/2020,44.25
15:56:59,04/01/2020,44.25
15:57:10,04/01/2020,44.25
15:57:20,04/01/2020,44.25
15:57:30,04/01/2020,44.25
15:57:40,04/01/2020,45.75
15:57:50,04/01/2020,45.75
15:58:00,04/01/2020,45.75
15:58:10,04/01/2020,45.75
15:58:20,04/01/2020,45.75
15:58:30,04/01/2020,45.75
15:58:40,04/01/2020,47.00
15:58:50,04/01/2020,47.00
15:59:00,04/01/2020,47.00
15:59:10,04/01/2020,47.00
15:59:20,04/01/2020,47.00
15:59:30,04/01/2020,47.00
15:59:40,04/01/2020,47.50
15:59:50,04/01/2020,47.50
16:00:00,04/01/2020,47.50
16:00:10,04/01/2020,47.50
16:00:20,04/01/2020,47.50
16:00:30,04/01/2020,47.50
16:00:40,04/01/2020,47.50
16:00:50,04/01/2020,47.50
16:01:00,04/01/2020,47.50
16:01:10,04/01/2020,47.50
16:01:21,04/01/2020,47.50
16:01:31,04/01/2020,47.50
16:01:41,04/01/2020,47.50
16:01:51,04/01/2020,48.50
16:02:01,04/01/2020,48.50
16:02:11,04/01/2020,48.50
16:02:21,04/01/2020,48.50
16:02:31,04/01/2020,48.50
16:02:41,04/01/2020,48.50
16:02:50,04/01/2020,48.50
16:03:00,04/01/2020,49.00
16:03:10,04/01/2020,49.00
16:03:21,04/01/2020,49.00
16:03:31,04/01/2020,49.00
16:03:41,04/01/2020,49.00
16:03:51,04/01/2020,49.00
16:04:01,04/01/2020,49.75
16:04:11,04/01/2020,49.75
16:04:21,04/01/2020,49.75
16:04:31,04/01/2020,49.75
16:04:41,04/01/2020,49.75
16:04:51,04/01/2020,49.75
16:05:01,04/01/2020,50.00
16:05:11,04/01/2020,50.00
16:05:21,04/01/2020,50.00
16:05:31,04/01/2020,50.00
16:05:41,04/01/2020,50.00
16:05:51,04/01/2020,50.00
16:06:01,04/01/2020,50.00
16:06:11,04/01/2020,50.25
16:06:21,04/01/2020,50.25
16:06:31,04/01/2020,50.25
16:06:41,04/01/2020,50.25
16:06:51,04/01/2020,50.25
16:07:01,04/01/2020,50.25
16:07:11,04/01/2020,50.50
16:07:21,04/01/2020,50.50
16:07:32,04/01/2020,50.50
16:07:42,04/01/2020,50.50
16:07:52,04/01/2020,50.50
16:08:02,04/01/2020,50.50
16:08:12,04/01/2020,50.50
16:08:22,04/01/2020,50.50
16:08:32,04/01/2020,50.50
16:08:42,04/01/2020,50.50
16:08:52,04/01/2020,50.50
16:09:02,04/01/2020,50.50
16:09:12,04/01/2020,50.50
16:09:22,04/01/2020,50.25
16:09:32,04/01/2020,50.25
16:09:42,04/01/2020,50.25
16:09:52,04/01/2020,50.25
16:10:02,04/01/2020,50.25
16:10:12,04/01/2020,50.25
16:10:22,04/01/2020,50.75
16:10:32,04/01/2020,50.75
16:10:42,04/01/2020,50.75
16:10:52,04/01/2020,50.75
16:11:02,04/01/2020,50.75
16:11:12,04/01/2020,50.75
16:11:22,04/01/2020,50.75
16:11:32,04/01/2020,51.00
16:11:43,04/01/2020,51.00
16:11:53,04/01/2020,51.00
16:12:03,04/01/2020,51.00
16:12:13,04/01/2020,51.00
16:12:23,04/01/2020,51.00
16:12:33,04/01/2020,50.50
16:12:43,04/01/2020,50.50
16:12:53,04/01/2020,50.50
16:13:03,04/01/2020,50.50
16:13:13,04/01/2020,50.50
16:13:23,04/01/2020,50.50
16:13:33,04/01/2020,50.25
16:13:43,04/01/2020,50.25
16:13:53,04/01/2020,50.25
16:14:03,04/01/2020,50.25
16:14:13,04/01/2020,50.25
16:14:23,04/01/2020,50.25
16:14:33,04/01/2020,50.25
16:14:43,04/01/2020,50.25
16:14:53,04/01/2020,50.25
16:15:03,04/01/2020,50.25
16:15:13,04/01/2020,50.25
16:15:23,04/01/2020,50.25
16:15:33,04/01/2020,50.25
16:15:43,04/01/2020,50.50
16:15:53,04/01/2020,50.50
16:16:03,04/01/2020,50.50
16:16:13,04/01/2020,50.50
16:16:23,04/01/2020,50.50
16:16:33,04/01/2020,50.50
16:16:43,04/01/2020,50.50
16:16:53,04/01/2020,51.00
16:17:03,04/01/2020,51.00
16:17:13,04/01/2020,51.00
16:17:23,04/01/2020,51.00
16:17:33,04/01/2020,51.00
16:17:43,04/01/2020,51.00
16:17:54,04/01/2020,51.00
16:18:04,04/01/2020,51.00
16:18:14,04/01/2020,51.00
16:18:24,04/01/2020,51.00
16:18:34,04/01/2020,51.00
16:18:44,04/01/2020,51.00
16:18:54,04/01/2020,51.25
16:19:04,04/01/2020,51.25
16:19:14,04/01/2020,51.25
16:19:24,04/01/2020,51.25
16:19:34,04/01/2020,51.25
16:19:44,04/01/2020,51.25
16:19:54,04/01/2020,51.25
16:20:04,04/01/2020,50.50
16:20:14,04/01/2020,50.50
16:20:24,04/01/2020,50.50
16:20:34,04/01/2020,50.50
16:20:44,04/01/2020,50.50
16:20:54,04/01/2020,50.50
16:21:04,04/01/2020,51.00
16:21:14,04/01/2020,51.00
16:21:24,04/01/2020,51.00
16:21:34,04/01/2020,51.00
16:21:44,04/01/2020,51.00
16:21:54,04/01/2020,51.00
16:22:05,04/01/2020,50.50
16:22:15,04/01/2020,50.50
16:22:25,04/01/2020,50.50
16:22:35,04/01/2020,50.50
16:22:45,04/01/2020,50.50
16:22:55,04/01/2020,50.50
16:23:05,04/01/2020,50.50
16:23:15,04/01/2020,49.00
16:23:25,04/01/2020,49.00
16:23:35,04/01/2020,49.00
16:23:45,04/01/2020,49.00
16:24:48,04/01/2020,44.25
16:24:58,04/01/2020,44.25
16:25:08,04/01/2020,44.25
16:25:18,04/01/2020,40.50
16:25:28,04/01/2020,40.50
16:25:38,04/01/2020,40.50
16:25:48,04/01/2020,40.50
16:25:58,04/01/2020,40.50
16:26:08,04/01/2020,40.50
16:26:18,04/01/2020,40.50
16:26:28,04/01/2020,38.25
16:26:38,04/01/2020,38.25
16:26:48,04/01/2020,38.25
16:26:58,04/01/2020,38.25
16:27:08,04/01/2020,38.25
16:27:18,04/01/2020,38.25
16:27:28,04/01/2020,36.00
16:27:38,04/01/2020,36.00
16:27:48,04/01/2020,36.00
16:27:58,04/01/2020,36.00
16:28:09,04/01/2020,36.00
16:28:19,04/01/2020,36.00
16:28:29,04/01/2020,34.75
16:28:39,04/01/2020,34.75
16:28:49,04/01/2020,34.75
16:28:59,04/01/2020,34.75
16:29:09,04/01/2020,34.75
16:29:19,04/01/2020,34.75
16:29:29,04/01/2020,34.75
16:29:39,04/01/2020,33.75
16:29:49,04/01/2020,33.75
16:29:59,04/01/2020,33.75
16:30:09,04/01/2020,33.75
16:30:19,04/01/2020,33.75
16:30:29,04/01/2020,33.75
16:30:39,04/01/2020,32.75
16:30:49,04/01/2020,32.75
16:30:59,04/01/2020,32.75
16:31:09,04/01/2020,32.75
16:31:19,04/01/2020,32.75
16:31:29,04/01/2020,32.75
16:31:39,04/01/2020,32.00
16:31:49,04/01/2020,32.00
16:31:59,04/01/2020,32.00
16:32:09,04/01/2020,32.00
16:32:20,04/01/2020,32.00
16:32:30,04/01/2020,32.00
16:32:40,04/01/2020,32.00
16:32:50,04/01/2020,31.50
16:33:00,04/01/2020,31.50
16:33:10,04/01/2020,31.50
16:33:20,04/01/2020,31.50
16:33:30,04/01/2020,31.50
16:33:40,04/01/2020,31.50
16:33:50,04/01/2020,31.00
16:34:00,04/01/2020,31.00
16:34:10,04/01/2020,31.00
16:34:20,04/01/2020,31.00
16:34:30,04/01/2020,31.00
16:34:40,04/01/2020,31.00
16:34:50,04/01/2020,31.00
16:35:00,04/01/2020,30.75
16:35:10,04/01/2020,30.75
16:35:20,04/01/2020,30.75
16:35:30,04/01/2020,30.75
16:35:40,04/01/2020,30.75
16:35:50,04/01/2020,30.75
16:36:00,04/01/2020,30.25
16:36:10,04/01/2020,30.25
16:36:20,04/01/2020,30.25
16:36:30,04/01/2020,30.25
16:36:40,04/01/2020,30.25
16:36:50,04/01/2020,30.25
16:37:00,04/01/2020,30.00
16:37:10,04/01/2020,30.00
16:37:20,04/01/2020,30.00
16:37:30,04/01/2020,30.00
16:37:40,04/01/2020,30.00
16:37:50,04/01/2020,30.00
16:38:00,04/01/2020,30.00
16:38:10,04/01/2020,30.00
16:38:20,04/01/2020,30.00
16:38:30,04/01/2020,30.00
16:38:41,04/01/2020,30.00
16:38:51,04/01/2020,30.00
16:39:01,04/01/2020,30.00
16:39:11,04/01/2020,29.75
16:39:21,04/01/2020,29.75
16:39:31,04/01/2020,29.75
16:39:41,04/01/2020,29.75
16:39:51,04/01/2020,29.75
16:40:01,04/01/2020,29.75
16:40:11,04/01/2020,29.75
16:40:21,04/01/2020,29.50
16:40:31,04/01/2020,29.50
16:40:41,04/01/2020,29.50
16:40:51,04/01/2020,29.50
16:41:01,04/01/2020,29.50
16:41:11,04/01/2020,29.50
16:41:21,04/01/2020,29.25
16:41:31,04/01/2020,29.25
16:41:41,04/01/2020,29.25
16:41:51,04/01/2020,29.25
16:42:01,04/01/2020,29.25
16:42:11,04/01/2020,29.25
16:42:21,04/01/2020,29.25
16:42:31,04/01/2020,29.25
16:42:41,04/01/2020,29.25
16:42:52,04/01/2020,29.25
16:43:02,04/01/2020,29.25
16:43:12,04/01/2020,29.25
16:43:22,04/01/2020,29.25
16:43:32,04/01/2020,29.25
16:43:42,04/01/2020,29.25
16:43:52,04/01/2020,29.25
16:44:02,04/01/2020,29.25
16:44:12,04/01/2020,29.25
16:44:22,04/01/2020,29.25
16:44:32,04/01/2020,29.00
16:44:42,04/01/2020,29.00
16:44:52,04/01/2020,29.00
16:45:02,04/01/2020,29.00
16:45:12,04/01/2020,29.00
16:45:22,04/01/2020,29.00
16:45:32,04/01/2020,29.00
16:45:42,04/01/2020,29.00
16:45:52,04/01/2020,29.00
16:46:02,04/01/2020,29.00
16:46:12,04/01/2020,29.00
16:46:22,04/01/2020,29.00
16:46:32,04/01/2020,29.00
16:46:42,04/01/2020,28.75
16:46:52,04/01/2020,28.75
16:47:03,04/01/2020,28.75
16:47:13,04/01/2020,28.75
16:47:23,04/01/2020,28.75
16:47:33,04/01/2020,28.75
16:47:43,04/01/2020,28.75
16:47:53,04/01/2020,28.75
16:48:03,04/01/2020,28.75
16:48:13,04/01/2020,28.75
16:48:23,04/01/2020,28.75
16:48:33,04/01/2020,28.75
16:48:42,04/01/2020,28.75
16:48:52,04/01/2020,28.75
16:49:03,04/01/2020,28.75
16:49:13,04/01/2020,28.75
16:49:23,04/01/2020,28.75
16:49:33,04/01/2020,28.75
16:49:43,04/01/2020,28.75
16:49:53,04/01/2020,28.75
16:50:03,04/01/2020,28.75
16:50:13,04/01/2020,28.75
16:50:23,04/01/2020,28.75
16:50:33,04/01/2020,28.75
16:50:43,04/01/2020,28.75
16:50:53,04/01/2020,29.00
16:51:03,04/01/2020,29.00
16:51:13,04/01/2020,29.00
16:51:23,04/01/2020,29.00
16:51:33,04/01/2020,29.00
16:51:43,04/01/2020,29.00
16:51:53,04/01/2020,29.00
16:52:03,04/01/2020,28.75
16:52:13,04/01/2020,28.75
16:52:23,04/01/2020,28.75
16:52:33,04/01/2020,28.75
16:52:43,04/01/2020,28.75
16:52:53,04/01/2020,28.75
16:53:03,04/01/2020,29.00
16:53:14,04/01/2020,29.00
16:53:24,04/01/2020,29.00
16:53:34,04/01/2020,29.00
16:53:44,04/01/2020,29.00
16:53:54,04/01/2020,29.00
16:54:04,04/01/2020,29.00
16:54:14,04/01/2020,29.00
16:54:24,04/01/2020,29.00
16:54:34,04/01/2020,29.00
16:54:44,04/01/2020,29.00
16:54:54,04/01/2020,29.00
16:55:04,04/01/2020,29.00
16:55:14,04/01/2020,29.00
16:55:24,04/01/2020,29.00
16:55:34,04/01/2020,29.00
16:55:44,04/01/2020,29.00
16:55:54,04/01/2020,29.00
16:56:04,04/01/2020,29.00
16:56:14,04/01/2020,28.75
16:56:24,04/01/2020,28.75
16:56:34,04/01/2020,28.75
16:56:44,04/01/2020,28.75
16:56:54,04/01/2020,28.75
16:57:04,04/01/2020,28.75
16:57:14,04/01/2020,28.75
16:57:25,04/01/2020,29.00
16:57:35,04/01/2020,29.00
16:57:45,04/01/2020,29.00
16:57:55,04/01/2020,29.00
16:58:05,04/01/2020,29.00
16:58:15,04/01/2020,29.00
16:58:25,04/01/2020,29.00
16:58:35,04/01/2020,29.00
16:58:45,04/01/2020,29.00
16:58:55,04/01/2020,29.00
16:59:05,04/01/2020,29.00
16:59:15,04/01/2020,29.00
16:59:25,04/01/2020,29.00
16:59:35,04/01/2020,29.00
16:59:45,04/01/2020,29.00
16:59:55,04/01/2020,29.00
17:00:05,04/01/2020,29.00
17:00:15,04/01/2020,29.00
17:00:25,04/01/2020,29.00
17:00:35,04/01/2020,29.00
17:00:45,04/01/2020,29.00
17:00:55,04/01/2020,29.00
17:01:05,04/01/2020,29.00
17:01:15,04/01/2020,29.00
17:01:25,04/01/2020,29.00
17:01:35,04/01/2020,29.00
17:01:45,04/01/2020,29.00
17:01:55,04/01/2020,29.00
17:02:05,04/01/2020,29.00
17:02:15,04/01/2020,29.00
17:02:25,04/01/2020,29.00
17:02:35,04/01/2020,29.00
17:02:45,04/01/2020,29.00
17:02:55,04/01/2020,29.00
17:03:05,04/01/2020,29.00
17:03:15,04/01/2020,29.00
17:03:25,04/01/2020,29.00
17:03:36,04/01/2020,29.00
17:03:46,04/01/2020,28.75
17:03:56,04/01/2020,28.75
17:04:06,04/01/2020,28.75
17:04:16,04/01/2020,28.75
17:04:26,04/01/2020,28.75
17:04:36,04/01/2020,28.75
17:04:46,04/01/2020,28.75
17:04:56,04/01/2020,28.75
17:05:06,04/01/2020,28.75
17:05:16,04/01/2020,28.75
17:05:26,04/01/2020,28.75
17:05:36,04/01/2020,28.75
17:05:46,04/01/2020,28.75
17:05:56,04/01/2020,28.75
17:06:06,04/01/2020,28.75
17:06:16,04/01/2020,28.75
17:06:26,04/01/2020,28.75
17:06:36,04/01/2020,28.75
17:06:46,04/01/2020,28.75
17:06:56,04/01/2020,28.75
17:07:06,04/01/2020,28.75
17:07:16,04/01/2020,28.75
17:07:26,04/01/2020,28.75
17:07:36,04/01/2020,28.75
17:07:47,04/01/2020,28.75
17:07:57,04/01/2020,28.75
17:08:07,04/01/2020,28.75
17:08:17,04/01/2020,28.75
17:08:27,04/01/2020,28.75
17:08:37,04/01/2020,28.75
17:08:47,04/01/2020,28.75
17:08:57,04/01/2020,28.75
17:09:07,04/01/2020,28.75
17:09:17,04/01/2020,28.75
17:09:27,04/01/2020,28.75
17:09:37,04/01/2020,28.75
17:09:47,04/01/2020,28.75
17:09:57,04/01/2020,28.75
17:10:07,04/01/2020,28.75
17:10:17,04/01/2020,28.75
17:10:27,04/01/2020,28.75
17:10:37,04/01/2020,28.75
17:10:47,04/01/2020,28.75
17:10:57,04/01/2020,28.75
17:11:07,04/01/2020,28.75
17:11:17,04/01/2020,28.75
17:11:27,04/01/2020,28.75
17:11:37,04/01/2020,28.75
17:11:47,04/01/2020,28.75
17:11:58,04/01/2020,28.75
17:12:08,04/01/2020,28.75
17:12:18,04/01/2020,28.75
17:12:28,04/01/2020,28.75
17:12:38,04/01/2020,28.75
17:12:48,04/01/2020,28.75
17:12:57,04/01/2020,28.75
17:13:07,04/01/2020,28.75
17:13:17,04/01/2020,28.75
17:13:27,04/01/2020,28.75
17:13:37,04/01/2020,28.75
17:13:47,04/01/2020,28.75
17:13:58,04/01/2020,28.75
17:14:08,04/01/2020,28.75
17:14:18,04/01/2020,28.75
17:14:28,04/01/2020,28.75
17:14:38,04/01/2020,28.75
17:14:48,04/01/2020,28.75
17:14:58,04/01/2020,28.75
17:15:08,04/01/2020,28.75
17:15:18,04/01/2020,28.75
17:15:28,04/01/2020,28.75
17:15:38,04/01/2020,28.75
17:15:48,04/01/2020,28.75
17:15:58,04/01/2020,28.75
17:16:08,04/01/2020,28.75
17:16:18,04/01/2020,28.75
17:16:28,04/01/2020,28.75
17:16:38,04/01/2020,28.75
17:16:48,04/01/2020,28.75
17:16:58,04/01/2020,28.75
17:17:08,04/01/2020,28.75
17:17:18,04/01/2020,28.75
17:17:28,04/01/2020,28.75
17:17:38,04/01/2020,28.75
17:17:48,04/01/2020,28.75
17:17:58,04/01/2020,28.75
17:18:09,04/01/2020,28.75
17:18:19,04/01/2020,28.75
17:18:29,04/01/2020,28.75
17:18:39,04/01/2020,28.50
17:18:49,04/01/2020,28.50
17:18:59,04/01/2020,28.50
17:19:09,04/01/2020,28.50
17:19:19,04/01/2020,28.50
17:19:29,04/01/2020,28.50
17:19:39,04/01/2020,28.50
17:19:49,04/01/2020,28.50
17:19:59,04/01/2020,28.50
17:20:09,04/01/2020,28.50
17:20:19,04/01/2020,28.50
17:20:29,04/01/2020,28.50
17:20:39,04/01/2020,28.50
17:20:49,04/01/2020,28.50
17:20:59,04/01/2020,28.50
17:21:09,04/01/2020,28.50
17:21:19,04/01/2020,28.50
17:21:29,04/01/2020,28.50
17:21:39,04/01/2020,28.50
17:21:49,04/01/2020,28.50
17:21:59,04/01/2020,28.50
17:22:09,04/01/2020,28.50
17:22:20,04/01/2020,28.50
17:22:30,04/01/2020,28.50
17:22:40,04/01/2020,28.50
17:22:50,04/01/2020,28.50
17:23:00,04/01/2020,28.50
17:23:10,04/01/2020,28.50
17:23:20,04/01/2020,28.50
17:23:30,04/01/2020,28.50
17:23:40,04/01/2020,28.50
17:23:50,04/01/2020,28.50
17:24:00,04/01/2020,28.50
17:24:10,04/01/2020,28.50
17:24:20,04/01/2020,28.50
17:24:30,04/01/2020,28.50
17:24:40,04/01/2020,28.50
17:24:50,04/01/2020,28.50
17:25:00,04/01/2020,28.50
17:25:10,04/01/2020,28.50
17:25:20,04/01/2020,28.50
17:25:30,04/01/2020,28.50
17:25:40,04/01/2020,28.50
17:25:50,04/01/2020,28.50
17:26:00,04/01/2020,28.50
17:26:10,04/01/2020,28.50
17:26:20,04/01/2020,28.50
17:26:30,04/01/2020,28.50
17:26:40,04/01/2020,28.50
17:26:50,04/01/2020,28.50
17:27:00,04/01/2020,28.50
17:27:10,04/01/2020,28.50
17:27:20,04/01/2020,28.50
17:27:30,04/01/2020,28.50
17:27:40,04/01/2020,28.50
17:27:50,04/01/2020,28.50
17:28:00,04/01/2020,28.50
17:28:10,04/01/2020,28.50
17:28:20,04/01/2020,28.50
17:28:30,04/01/2020,28.50
17:28:41,04/01/2020,28.50
17:28:51,04/01/2020,28.50
17:29:01,04/01/2020,28.50
17:29:11,04/01/2020,28.50
17:29:21,04/01/2020,28.50
17:29:31,04/01/2020,28.50
17:29:41,04/01/2020,28.50
17:29:51,04/01/2020,28.50
17:30:01,04/01/2020,28.50
17:30:11,04/01/2020,28.50
17:30:21,04/01/2020,28.25
17:30:31,04/01/2020,28.25
17:30:41,04/01/2020,28.25
17:30:51,04/01/2020,28.25
17:31:01,04/01/2020,28.25
17:31:11,04/01/2020,28.25
17:31:21,04/01/2020,28.25
17:31:31,04/01/2020,28.50
17:31:41,04/01/2020,28.50
17:31:51,04/01/2020,28.50
17:32:01,04/01/2020,28.50
17:32:11,04/01/2020,28.50
17:32:21,04/01/2020,28.50
17:32:31,04/01/2020,28.25
17:32:41,04/01/2020,28.25
17:32:52,04/01/2020,28.25
17:33:02,04/01/2020,28.25
17:33:12,04/01/2020,28.25
17:33:22,04/01/2020,28.25
17:33:32,04/01/2020,28.25
17:33:42,04/01/2020,28.25
17:33:52,04/01/2020,28.25
17:34:02,04/01/2020,28.25
17:34:12,04/01/2020,28.25
17:34:22,04/01/2020,28.25
17:34:32,04/01/2020,28.25
17:34:42,04/01/2020,28.25
17:34:52,04/01/2020,28.25
17:35:02,04/01/2020,28.25
17:35:12,04/01/2020,28.25
17:35:22,04/01/2020,28.25
17:35:32,04/01/2020,28.25
17:35:42,04/01/2020,28.25
17:35:52,04/01/2020,28.25
17:36:02,04/01/2020,28.25
17:36:12,04/01/2020,28.25
17:36:22,04/01/2020,28.25
17:36:32,04/01/2020,28.25
17:36:42,04/01/2020,28.25
17:36:52,04/01/2020,28.25
17:37:03,04/01/2020,28.25
17:37:13,04/01/2020,28.25
17:37:23,04/01/2020,28.25
17:37:33,04/01/2020,28.25
17:37:43,04/01/2020,28.25
17:37:53,04/01/2020,28.25
17:38:02,04/01/2020,28.25
17:38:12,04/01/2020,28.25
17:38:22,04/01/2020,28.25
17:38:32,04/01/2020,28.25
17:38:42,04/01/2020,28.25
17:38:52,04/01/2020,28.25
17:39:03,04/01/2020,28.25
17:39:13,04/01/2020,28.25
17:39:23,04/01/2020,28.25
17:39:33,04/01/2020,28.25
17:39:43,04/01/2020,28.25
17:39:53,04/01/2020,28.25
17:40:03,04/01/2020,28.25
17:40:13,04/01/2020,28.25
17:40:23,04/01/2020,28.25
17:40:33,04/01/2020,28.25
17:40:43,04/01/2020,28.25
17:40:53,04/01/2020,28.25
17:41:03,04/01/2020,28.25
17:41:13,04/01/2020,28.25
17:41:23,04/01/2020,28.25
17:41:33,04/01/2020,28.25
17:41:43,04/01/2020,28.25
17:41:53,04/01/2020,28.25
17:42:03,04/01/2020,28.25
17:42:13,04/01/2020,28.25
17:42:23,04/01/2020,28.25
17:42:33,04/01/2020,28.25
17:42:43,04/01/2020,28.25
17:42:53,04/01/2020,28.25
17:43:03,04/01/2020,28.25
17:43:14,04/01/2020,28.00
17:43:24,04/01/2020,28.00
17:43:34,04/01/2020,28.00
17:43:44,04/01/2020,28.00
17:43:54,04/01/2020,28.00
17:44:04,04/01/2020,28.00
17:44:14,04/01/2020,28.25
17:44:24,04/01/2020,28.25
17:44:34,04/01/2020,28.25
17:44:44,04/01/2020,28.25
17:44:54,04/01/2020,28.25
17:45:04,04/01/2020,28.25
17:45:14,04/01/2020,28.25
17:45:24,04/01/2020,28.25
17:45:34,04/01/2020,28.25
17:45:44,04/01/2020,28.25
17:45:54,04/01/2020,28.25
17:46:04,04/01/2020,28.25
17:46:14,04/01/2020,28.25
17:46:24,04/01/2020,28.25
17:46:34,04/01/2020,28.25
17:46:44,04/01/2020,28.25
17:46:54,04/01/2020,28.25
17:47:04,04/01/2020,28.25
17:47:14,04/01/2020,28.25
17:47:25,04/01/2020,28.25
17:47:35,04/01/2020,28.25
17:47:45,04/01/2020,28.25
17:47:55,04/01/2020,28.25
17:48:05,04/01/2020,28.25
17:48:15,04/01/2020,28.25
17:48:25,04/01/2020,28.25
17:48:35,04/01/2020,28.25
17:48:45,04/01/2020,28.25
17:48:55,04/01/2020,28.25
17:49:05,04/01/2020,28.25
17:49:15,04/01/2020,28.25
17:49:25,04/01/2020,28.25
17:49:35,04/01/2020,28.25
17:49:45,04/01/2020,28.25
17:49:55,04/01/2020,28.25
17:50:05,04/01/2020,28.25
17:50:15,04/01/2020,28.25
17:50:25,04/01/2020,28.25
17:50:35,04/01/2020,28.25
17:50:45,04/01/2020,28.00
17:50:55,04/01/2020,28.00
17:51:05,04/01/2020,28.00
17:51:15,04/01/2020,28.00
17:51:25,04/01/2020,28.00
17:51:35,04/01/2020,28.00
17:51:45,04/01/2020,28.25
17:51:55,04/01/2020,28.25
17:52:05,04/01/2020,28.25
17:52:15,04/01/2020,28.25
17:52:25,04/01/2020,28.25
17:52:35,04/01/2020,28.25
17:52:45,04/01/2020,28.00
17:52:55,04/01/2020,28.00
17:53:05,04/01/2020,28.00
17:53:15,04/01/2020,28.00
17:53:25,04/01/2020,28.00
17:53:36,04/01/2020,28.00
17:53:46,04/01/2020,28.00
17:53:56,04/01/2020,28.00
17:54:06,04/01/2020,28.00
17:54:16,04/01/2020,28.00
17:54:26,04/01/2020,28.00
17:54:36,04/01/2020,28.00
17:54:46,04/01/2020,28.00
17:54:56,04/01/2020,28.25
17:55:06,04/01/2020,28.25
17:55:16,04/01/2020,28.25
17:55:26,04/01/2020,28.25
17:55:36,04/01/2020,28.25
17:55:46,04/01/2020,28.25
17:55:56,04/01/2020,28.00
17:56:06,04/01/2020,28.00
17:56:16,04/01/2020,28.00
17:56:26,04/01/2020,28.00
17:56:36,04/01/2020,28.00
17:56:46,04/01/2020,28.00
17:56:56,04/01/2020,28.00
17:57:06,04/01/2020,28.00
17:57:16,04/01/2020,28.00
17:57:26,04/01/2020,28.00
17:57:36,04/01/2020,28.00
17:57:47,04/01/2020,28.00
17:57:57,04/01/2020,28.00
17:58:07,04/01/2020,28.00
17:58:17,04/01/2020,28.00
17:58:27,04/01/2020,28.00
17:58:37,04/01/2020,28.00
17:58:47,04/01/2020,28.00
17:58:57,04/01/2020,28.00
17:59:07,04/01/2020,28.00
17:59:17,04/01/2020,28.00
17:59:27,04/01/2020,28.00
17:59:37,04/01/2020,28.00
17:59:47,04/01/2020,28.00
17:59:57,04/01/2020,28.00
18:00:07,04/01/2020,28.00
18:00:17,04/01/2020,28.00
18:00:27,04/01/2020,28.00
18:00:37,04/01/2020,28.00
18:00:47,04/01/2020,28.00
18:00:57,04/01/2020,28.00
18:01:07,04/01/2020,28.00
18:01:17,04/01/2020,28.00
18:01:27,04/01/2020,28.00
18:01:37,04/01/2020,28.00
18:01:47,04/01/2020,28.00
18:01:58,04/01/2020,28.00
18:02:08,04/01/2020,28.00
18:02:18,04/01/2020,28.00
18:02:27,04/01/2020,28.25
18:02:37,04/01/2020,28.25
18:02:47,04/01/2020,28.25
18:02:57,04/01/2020,28.25
18:03:07,04/01/2020,28.25
18:03:17,04/01/2020,28.25
18:03:27,04/01/2020,28.25
18:03:37,04/01/2020,28.25
18:03:47,04/01/2020,28.25
18:03:57,04/01/2020,28.25
18:04:08,04/01/2020,28.25
18:04:18,04/01/2020,28.25
18:04:28,04/01/2020,28.25
18:04:38,04/01/2020,28.25
18:04:48,04/01/2020,28.25
18:04:58,04/01/2020,28.25
18:05:08,04/01/2020,28.25
18:05:18,04/01/2020,28.25
18:05:28,04/01/2020,28.25
18:05:38,04/01/2020,28.25
18:05:48,04/01/2020,28.25
18:05:58,04/01/2020,28.25
18:06:08,04/01/2020,28.25
18:06:18,04/01/2020,28.25
18:06:28,04/01/2020,28.25
18:06:38,04/01/2020,28.25
18:06:48,04/01/2020,28.25
18:06:58,04/01/2020,28.25
18:07:08,04/01/2020,28.25
18:07:18,04/01/2020,28.25
18:07:28,04/01/2020,28.25
18:07:38,04/01/2020,28.25
18:07:48,04/01/2020,28.50
18:07:58,04/01/2020,28.50
18:08:09,04/01/2020,28.50
18:08:19,04/01/2020,28.50
18:08:29,04/01/2020,28.50
18:08:39,04/01/2020,28.50
18:08:49,04/01/2020,28.50
18:08:59,04/01/2020,28.50
18:09:09,04/01/2020,28.50
18:09:19,04/01/2020,28.50
18:09:29,04/01/2020,28.50
18:09:39,04/01/2020,28.50
18:09:49,04/01/2020,28.50
18:09:59,04/01/2020,28.50
18:10:09,04/01/2020,28.50
18:10:19,04/01/2020,28.50
18:10:29,04/01/2020,28.50
18:10:39,04/01/2020,28.50
18:10:49,04/01/2020,28.50
18:10:59,04/01/2020,28.75
18:11:09,04/01/2020,28.75
18:11:19,04/01/2020,28.75
18:11:29,04/01/2020,28.75
18:11:39,04/01/2020,28.75
18:11:49,04/01/2020,28.75
18:11:59,04/01/2020,29.00
18:12:09,04/01/2020,29.00
18:12:20,04/01/2020,29.00
18:12:30,04/01/2020,29.00
18:12:40,04/01/2020,29.00
18:12:50,04/01/2020,29.00
18:13:00,04/01/2020,29.25
18:13:10,04/01/2020,29.25
18:13:20,04/01/2020,29.25
18:13:30,04/01/2020,29.25
18:13:40,04/01/2020,29.25
18:13:50,04/01/2020,29.25
18:14:00,04/01/2020,29.25
18:14:10,04/01/2020,29.25
18:14:20,04/01/2020,29.25
18:14:30,04/01/2020,29.25
18:14:40,04/01/2020,29.25
18:14:50,04/01/2020,29.25
18:15:00,04/01/2020,29.25
18:15:10,04/01/2020,29.50
18:15:20,04/01/2020,29.50
18:15:30,04/01/2020,29.50
18:15:40,04/01/2020,29.50
18:15:50,04/01/2020,29.50
18:16:00,04/01/2020,29.50
18:16:10,04/01/2020,29.50
18:16:20,04/01/2020,29.75
18:16:30,04/01/2020,29.75
18:16:40,04/01/2020,29.75
18:16:50,04/01/2020,29.75
18:17:00,04/01/2020,29.75
18:17:10,04/01/2020,29.75
18:17:20,04/01/2020,29.75
18:17:30,04/01/2020,29.75
18:17:40,04/01/2020,29.75
18:17:50,04/01/2020,29.75
18:18:00,04/01/2020,29.75
18:18:10,04/01/2020,29.75
18:18:20,04/01/2020,30.00
18:18:30,04/01/2020,30.00
18:18:41,04/01/2020,30.00
18:18:51,04/01/2020,30.00
18:19:01,04/01/2020,30.00
18:19:11,04/01/2020,30.00
18:19:21,04/01/2020,30.00
18:19:31,04/01/2020,30.00
18:19:41,04/01/2020,30.00
18:19:51,04/01/2020,30.00
18:20:01,04/01/2020,30.00
18:20:11,04/01/2020,30.00
18:20:21,04/01/2020,30.00
18:20:31,04/01/2020,30.00
18:20:41,04/01/2020,30.00
18:20:51,04/01/2020,30.00
18:21:01,04/01/2020,30.00
18:21:11,04/01/2020,30.00
18:21:21,04/01/2020,30.00
18:21:31,04/01/2020,30.00
18:21:41,04/01/2020,30.25
18:21:51,04/01/2020,30.25
18:22:01,04/01/2020,30.25
18:22:11,04/01/2020,30.25
18:22:21,04/01/2020,30.25
18:22:31,04/01/2020,30.25
18:22:41,04/01/2020,30.25
18:22:52,04/01/2020,30.25
18:23:02,04/01/2020,30.25
18:23:12,04/01/2020,30.25
18:23:22,04/01/2020,30.25
18:23:32,04/01/2020,30.25
18:23:42,04/01/2020,30.25
18:23:52,04/01/2020,30.25
18:24:02,04/01/2020,30.25
18:24:12,04/01/2020,30.25
18:24:22,04/01/2020,30.25
18:24:32,04/01/2020,30.25
18:24:42,04/01/2020,30.25
18:24:52,04/01/2020,30.25
18:25:02,04/01/2020,30.25
18:25:12,04/01/2020,30.25
18:25:22,04/01/2020,30.25
18:25:32,04/01/2020,30.25
18:25:42,04/01/2020,30.25
18:25:52,04/01/2020,30.50
18:26:02,04/01/2020,30.50
18:26:12,04/01/2020,30.50
18:26:22,04/01/2020,30.50
18:26:32,04/01/2020,30.50
18:26:42,04/01/2020,30.50
18:26:52,04/01/2020,30.50
18:27:02,04/01/2020,30.50
18:27:12,04/01/2020,30.50
18:27:22,04/01/2020,30.50
18:27:32,04/01/2020,30.50
18:27:42,04/01/2020,30.50
18:27:52,04/01/2020,30.50
18:28:02,04/01/2020,30.50
18:28:12,04/01/2020,30.50
18:28:22,04/01/2020,30.50
18:28:32,04/01/2020,30.50
18:28:42,04/01/2020,30.50
18:28:52,04/01/2020,30.50
18:29:03,04/01/2020,30.50
18:29:13,04/01/2020,30.50
18:29:23,04/01/2020,30.50
18:29:33,04/01/2020,30.50
18:29:43,04/01/2020,30.50
18:29:53,04/01/2020,30.50
18:30:03,04/01/2020,30.50
18:30:13,04/01/2020,30.50
18:30:23,04/01/2020,30.50
18:30:33,04/01/2020,30.50
18:30:43,04/01/2020,30.50
18:30:53,04/01/2020,30.50
18:31:03,04/01/2020,30.50
18:31:13,04/01/2020,30.50
18:31:23,04/01/2020,30.50
18:31:33,04/01/2020,30.50
18:31:43,04/01/2020,30.50
18:31:53,04/01/2020,30.50
18:32:03,04/01/2020,30.50
18:32:13,04/01/2020,30.50
18:32:23,04/01/2020,30.50
18:32:33,04/01/2020,30.50
18:32:43,04/01/2020,30.50
18:32:53,04/01/2020,30.50
18:33:03,04/01/2020,30.50
18:33:14,04/01/2020,30.50
18:33:24,04/01/2020,30.50
18:33:34,04/01/2020,30.50
18:33:44,04/01/2020,30.50
18:33:54,04/01/2020,30.50
18:34:04,04/01/2020,30.50
18:34:14,04/01/2020,30.50
18:34:24,04/01/2020,30.75
18:34:34,04/01/2020,30.75
18:34:44,04/01/2020,30.75
18:34:54,04/01/2020,30.75
18:35:04,04/01/2020,30.75
18:35:14,04/01/2020,30.75
18:35:24,04/01/2020,30.75
18:35:34,04/01/2020,30.75
18:35:44,04/01/2020,30.75
18:35:54,04/01/2020,30.75
18:36:04,04/01/2020,30.75
18:36:14,04/01/2020,30.75
18:36:24,04/01/2020,30.75
18:36:34,04/01/2020,30.75
18:36:44,04/01/2020,30.75
18:36:54,04/01/2020,30.75
18:37:04,04/01/2020,30.75
18:37:14,04/01/2020,30.75
18:37:25,04/01/2020,30.75
18:37:35,04/01/2020,30.75
18:37:45,04/01/2020,30.75
18:37:55,04/01/2020,30.75
18:38:05,04/01/2020,30.75
18:38:15,04/01/2020,30.75
18:38:25,04/01/2020,30.75
18:38:35,04/01/2020,30.75
18:38:45,04/01/2020,31.50
18:38:55,04/01/2020,31.50
18:39:05,04/01/2020,31.50
18:39:15,04/01/2020,31.50
18:39:25,04/01/2020,31.50
18:39:35,04/01/2020,31.50
18:39:45,04/01/2020,32.00
18:39:55,04/01/2020,32.00
18:40:05,04/01/2020,32.00
18:40:15,04/01/2020,32.00
18:40:25,04/01/2020,32.00
18:40:35,04/01/2020,32.00
18:40:45,04/01/2020,32.25
18:40:55,04/01/2020,32.25
18:41:05,04/01/2020,32.25
18:41:15,04/01/2020,32.25
18:41:25,04/01/2020,32.25
18:41:36,04/01/2020,32.25
18:41:45,04/01/2020,32.25
18:41:55,04/01/2020,32.25
18:42:05,04/01/2020,32.25
18:42:15,04/01/2020,32.25
18:42:25,04/01/2020,32.25
18:42:35,04/01/2020,32.25
18:42:45,04/01/2020,32.25
18:42:55,04/01/2020,32.25
18:43:05,04/01/2020,32.25
18:43:15,04/01/2020,32.25
18:43:25,04/01/2020,32.25
18:43:36,04/01/2020,32.25
18:43:46,04/01/2020,32.25
18:43:56,04/01/2020,32.50
18:44:06,04/01/2020,32.50
18:44:16,04/01/2020,32.50
18:44:26,04/01/2020,32.50
18:44:36,04/01/2020,32.50
18:44:46,04/01/2020,32.50
18:44:56,04/01/2020,32.50
18:45:06,04/01/2020,32.50
18:45:16,04/01/2020,32.50
18:45:26,04/01/2020,32.50
18:45:36,04/01/2020,32.50
18:45:46,04/01/2020,32.50
18:45:56,04/01/2020,32.50
18:46:06,04/01/2020,32.50
18:46:16,04/01/2020,32.50
18:46:26,04/01/2020,32.50
18:46:36,04/01/2020,32.50
18:46:46,04/01/2020,32.50
18:46:56,04/01/2020,32.50
18:47:06,04/01/2020,32.50
18:47:16,04/01/2020,32.75
18:47:26,04/01/2020,32.75
18:47:36,04/01/2020,32.75
18:47:47,04/01/2020,32.75
18:47:57,04/01/2020,32.75
18:48:07,04/01/2020,32.75
18:48:17,04/01/2020,32.75
18:48:27,04/01/2020,32.75
18:48:37,04/01/2020,32.75
18:48:47,04/01/2020,32.75
18:48:57,04/01/2020,32.75
18:49:07,04/01/2020,32.75
18:49:17,04/01/2020,32.75
18:49:27,04/01/2020,32.75
18:49:37,04/01/2020,32.75
18:49:47,04/01/2020,32.75
18:49:57,04/01/2020,32.75
18:50:07,04/01/2020,32.75
18:50:17,04/01/2020,32.75
18:50:27,04/01/2020,32.75
18:50:37,04/01/2020,32.75
18:50:47,04/01/2020,32.75
18:50:57,04/01/2020,32.75
18:51:07,04/01/2020,32.75
18:51:17,04/01/2020,32.75
18:51:27,04/01/2020,32.75
18:51:37,04/01/2020,32.75
18:51:47,04/01/2020,32.75
18:51:58,04/01/2020,32.75
18:52:08,04/01/2020,32.75
18:52:18,04/01/2020,32.75
18:52:28,04/01/2020,32.75
18:52:38,04/01/2020,32.75
18:52:48,04/01/2020,32.75
18:52:58,04/01/2020,32.75
18:53:08,04/01/2020,32.75
18:53:18,04/01/2020,32.75
